Hello,greeting
Hi!,greeting
Greetings!,greeting
"Hi, how is it going?",greeting
How are you doing?,greeting
what is coronavirus,info
what is coronavirus,info
Information about coronavirus,info
Information about covid19,info
what is coronavirus,info
what is coronavirus,info
Information about coronavirus,info
Information about covid19,info
what is coronavirus,info
what is coronavirus,info
Information about coronavirus,info
Information about covid19,info
what are the symptoms,symptoms
how to identify coronavirus,symptoms
how to identify covid19,symptoms
what are the symptoms,symptoms
how to identify coronavirus,symptoms
how to identify covid19,symptoms
what are the symptoms,symptoms
how to identify coronavirus,symptoms
how to identify covid19,symptoms
is there any vaccine for covid19,vaccine
what are the vaccines for covid19,vaccine
vaccine names for covid19,vaccine
is there any vaccine for covid19,vaccine
what are the vaccines for covid19,vaccine
vaccine names for covid19,vaccine
is there any vaccine for covid19,vaccine
what are the vaccines for covid19,vaccine
vaccine names for covid19,vaccine
how to avoid ,avoid
how to be safe,avoid
how to reduce,avoid
how to avoid ,avoid
how to be safe,avoid
how to reduce,avoid
how to avoid ,avoid
how to be safe,avoid
how to reduce,avoid
i tested positive for covid,help
help,help
what to do after tested positive,help
i tested positive for covid,help
help,help
what to do after tested positive,help
i tested positive for covid,help
help,help
what to do after tested positive,help
i tested positive for covid,help
help,help
what to do after tested positive,help
i tested positive for covid,help
help,help
what to do after tested positive,help
i tested positive for covid,help
help,help
what to do after tested positive,help
i tested positive for covid,help
help,help
what to do after tested positive,help
what is  social distancing,distancing
social distancing,distancing
what is  social distancing,distancing
social distancing,distancing
what is  social distancing,distancing
social distancing,distancing
what is  social distancing,distancing
social distancing,distancing
social distancing,distancing
what is  social distancing,distancing
social distancing,distancing
what is  social distancing,distancing
social distancing,distancing
what is  social distancing,distancing
social distancing,distancing
social distancing,distancing
what is  social distancing,distancing
social distancing,distancing
what is self quarantine,quarantine
quarantine,quarantine
what is self quarantine,quarantine
quarantine,quarantine
what is self quarantine,quarantine
quarantine,quarantine
what is self quarantine,quarantine
quarantine,quarantine
what is self quarantine,quarantine
quarantine,quarantine
what is self quarantine,quarantine
quarantine,quarantine
what is self quarantine,quarantine
quarantine,quarantine
what is self quarantine,quarantine
quarantine,quarantine
what is self quarantine,quarantine
quarantine,quarantine
what is self quarantine,quarantine
quarantine,quarantine
what is self quarantine,quarantine
quarantine,quarantine
see you later,goodbye
see u later,goodbye
thanks for helping,goodbye
bye,goodbye
bye bye,goodbye
